run,tag,active_params,total_params,trans_matrices,research_params,active_matrix_params,total_matrix_params,flops_act_per_tok,flops_tot_per_tok,train_flops_act,train_flops_tot,train_tokens,train_iters,tot_time_min,avg_dt_ms,med_dt_ms,avg_tok_sec,avg_mfu_pct,val_bpb,val_loss,final_train_loss
1,B1_dense_s1,125829648,125829648,25166336,0,25166336,25166336,286264300.0,286264300.0,1.260714e+17,1.260714e+17,440401920,1680,5.82,208.67,208.84,1256417,36.37,0.958394,3.144635,3.151274
2,SAP_indep_T2_s1,130295312,130295312,25166336,4465664,29632000,29632000,308410400.0,308410400.0,1.260419e+17,1.260419e+17,408682496,1559,6.15,238.11,238.16,1100975,34.33,1.027423,3.37113,3.37113
3,SAP_cp_T2_s1,130303504,130303504,25166336,4473856,29640192,29640192,330384800.0,330384800.0,1.261018e+17,1.261018e+17,381681664,1456,6.48,269.38,266.79,973858,32.53,1.100831,3.611992,3.611992
4,SAP_local_T2_s1,130557456,130557456,25166336,4727808,29894144,29894144,308607000.0,308607000.0,1.260414e+17,1.260414e+17,408420352,1558,6.19,238.94,239.72,1097245,34.24,1.023993,3.359877,3.359877
5,SAP_inv_head_T2_s1,130320400,130320400,25166336,4490752,29657088,29657088,308429200.0,308429200.0,1.260496e+17,1.260496e+17,408682496,1559,6.25,242.68,242.59,1080317,33.69,1.034649,3.394839,3.394839
6,SAP_p1_discrete_T2_s1,134394384,134394384,25166336,8564736,33731072,33731072,312985000.0,312985000.0,1.261064e+17,1.261064e+17,402915328,1537,6.38,251.64,251.97,1041873,32.97,1.027828,3.372461,3.372461
7,SAP_p2_gauss_T2_s1,133868048,133868048,25166336,8038400,33204736,33204736,311326100.0,311326100.0,1.260909e+17,1.260909e+17,405012480,1545,6.36,247.86,247.53,1057701,33.3,1.020943,3.349867,3.349867
8,SAP_indep_T4_s1,130296336,130296336,25166336,4466688,29633024,29633024,324172800.0,324172800.0,1.261103e+17,1.261103e+17,389021696,1484,6.26,254.79,254.27,1028920,33.73,1.015257,3.331212,3.331212
9,SAP_cp_T4_s1,130304528,130304528,25166336,4474880,29641216,29641216,361909600.0,361909600.0,1.260855e+17,1.260855e+17,348389376,1329,6.69,306.67,301.35,857201,31.37,1.07329,3.521628,3.521628
10,SAP_local_T4_s1,130558480,130558480,25166336,4728832,29895168,29895168,324566000.0,324566000.0,1.260931e+17,1.260931e+17,388497408,1482,6.36,262.05,256.68,1003270,32.93,1.008797,3.310015,3.310015
11,SAP_inv_head_T4_s1,130321424,130321424,25166336,4491776,29658112,29658112,324210400.0,324210400.0,1.260399e+17,1.260399e+17,388759552,1483,6.93,283.0,283.18,926369,30.37,1.020744,3.349216,3.349216
12,SAP_p1_discrete_T4_s1,134396432,134396432,25166336,8566784,33733120,33733120,330326400.0,330326400.0,1.260795e+17,1.260795e+17,381681664,1456,6.42,267.58,265.27,980313,32.74,1.012462,3.32204,3.32204
13,SAP_p2_gauss_T4_s1,133870096,133870096,25166336,8040448,33206784,33206784,328667500.0,328667500.0,1.260495e+17,1.260495e+17,383516672,1463,6.44,266.51,266.61,983660,32.69,1.003585,3.292914,3.292914
